-- =============================================================================
-- 門市團購 APP — 範例種子資料
-- =============================================================================
-- 此檔案僅插入範例資料，不含 DROP。請先執行 complete-schema.sql
--
-- 使用方式：在 complete-schema.sql 執行成功後，於 SQL Editor 貼上並 Run。
-- 所有 INSERT 使用 ON CONFLICT DO NOTHING，可重複執行而不會重複建立資料。
--
-- 注意：本檔不含 profiles 種子資料（profiles 需對應 auth.users，請透過
-- Supabase Auth 註冊使用者後，由 handle_new_user 觸發器自動建立 profile）。
-- =============================================================================

-- -----------------------------------------------------------------------------
-- 1. 門市（取貨據點）
-- -----------------------------------------------------------------------------
INSERT INTO stores (id, name, address, phone, business_hours, is_active)
VALUES
  (
    'a1000001-0000-4000-8000-000000000001',
    '暖陽門市',
    '台北市大安區復興南路一段100號',
    '02-1234-5678',
    '週一至週六 09:00–21:00',
    true
  ),
  (
    'a1000001-0000-4000-8000-000000000002',
    '焦糖門市',
    '新北市板橋區文化路二段50號',
    '02-8765-4321',
    '週一至週日 10:00–20:00',
    true
  ),
  (
    'a1000001-0000-4000-8000-000000000003',
    '晨光門市',
    '桃園市中壢區中央西路120號',
    '03-422-8899',
    '週二至週日 09:30–20:30',
    true
  )
ON CONFLICT (id) DO NOTHING;

-- -----------------------------------------------------------------------------
-- 2. 商品分類
-- -----------------------------------------------------------------------------
INSERT INTO product_categories (id, name, slug, sort_order, is_active)
VALUES
  ('b2000001-0000-4000-8000-000000000001', '食品',       'food',           1, true),
  ('b2000001-0000-4000-8000-000000000002', '烘焙材料',   'baking',         2, true),
  ('b2000001-0000-4000-8000-000000000003', '冷凍商品',   'frozen',         3, true),
  ('b2000001-0000-4000-8000-000000000004', '生活用品',   'daily-goods',    4, true),
  ('b2000001-0000-4000-8000-000000000005', '保健品',     'health',         5, true)
ON CONFLICT (slug) DO NOTHING;

-- -----------------------------------------------------------------------------
-- 3. 範例商品
-- -----------------------------------------------------------------------------
INSERT INTO products (id, category_id, name, description, price, original_price, stock, image_url, is_active)
VALUES
  (
    'c3000001-0000-4000-8000-000000000001',
    'b2000001-0000-4000-8000-000000000001',
    '有機高麗菜',
    '產地直送，新鮮脆甜',
    89.00, 120.00, 50,
    'https://images.unsplash.com/photo-1594282486552-05b4d3f6515a?w=400',
    true
  ),
  (
    'c3000001-0000-4000-8000-000000000002',
    'b2000001-0000-4000-8000-000000000002',
    '無漂白高筋麵粉',
    '適合麵包與蛋糕製作',
    199.00, 249.00, 80,
    'https://images.unsplash.com/photo-1574323828958-00e6c02e3b6a?w=400',
    true
  ),
  (
    'c3000001-0000-4000-8000-000000000003',
    'b2000001-0000-4000-8000-000000000003',
    '冷凍草蝦',
    '急速冷凍鎖鮮，500g/包',
    320.00, 380.00, 40,
    'https://images.unsplash.com/photo-1565680018434-b513d5e5fd47?w=400',
    true
  ),
  (
    'c3000001-0000-4000-8000-000000000004',
    'b2000001-0000-4000-8000-000000000004',
    '天然洗碗精',
    '環保配方，溫和不傷手',
    159.00, 199.00, 100,
    'https://images.unsplash.com/photo-1563453392213-326e2d4031b0?w=400',
    true
  ),
  (
    'c3000001-0000-4000-8000-000000000005',
    'b2000001-0000-4000-8000-000000000005',
    '維他命C',
    '日常營養補充，不宣稱療效',
    450.00, 550.00, 60,
    'https://images.unsplash.com/photo-1584308666744-24d5c474f2ae?w=400',
    true
  )
ON CONFLICT (id) DO NOTHING;

-- -----------------------------------------------------------------------------
-- 4. 團購活動與團購商品（含首頁輪播橫幅 banner_url）
-- 首頁 BannerCarousel 會讀取 status = 'active' 且含 banner_url 的團購活動
-- -----------------------------------------------------------------------------
INSERT INTO group_buy_events (id, title, description, banner_url, start_at, end_at, status, store_id)
VALUES
  (
    'd4000001-0000-4000-8000-000000000001',
    '春季生鮮團購',
    '產地直送，滿額免運，限時優惠',
    'https://images.unsplash.com/photo-1542838132-92c53300491e?w=800',
    NOW(),
    NOW() + INTERVAL '7 days',
    'active',
    'a1000001-0000-4000-8000-000000000001'
  ),
  (
    'd4000001-0000-4000-8000-000000000002',
    '烘焙材料週年慶',
    '人氣麵粉、奶油限時團購價',
    'https://images.unsplash.com/photo-1509440159596-0249088772ff?w=800',
    NOW(),
    NOW() + INTERVAL '14 days',
    'active',
    'a1000001-0000-4000-8000-000000000002'
  ),
  (
    'd4000001-0000-4000-8000-000000000003',
    '冷凍海鮮到貨',
    '急速冷凍鎖鮮，門市取貨更方便',
    'https://images.unsplash.com/photo-1559339352-11d035aa65de?w=800',
    NOW(),
    NOW() + INTERVAL '5 days',
    'active',
    'a1000001-0000-4000-8000-000000000003'
  )
ON CONFLICT (id) DO NOTHING;

INSERT INTO group_buy_products (id, group_buy_event_id, product_id, group_price, min_quantity, max_quantity, stock_limit)
VALUES
  (
    'd4000002-0000-4000-8000-000000000001',
    'd4000001-0000-4000-8000-000000000001',
    'c3000001-0000-4000-8000-000000000001',
    69.00, 1, 10, 30
  ),
  (
    'd4000002-0000-4000-8000-000000000002',
    'd4000001-0000-4000-8000-000000000001',
    'c3000001-0000-4000-8000-000000000003',
    279.00, 1, 5, 20
  ),
  (
    'd4000002-0000-4000-8000-000000000003',
    'd4000001-0000-4000-8000-000000000002',
    'c3000001-0000-4000-8000-000000000002',
    169.00, 1, 8, 40
  ),
  (
    'd4000002-0000-4000-8000-000000000004',
    'd4000001-0000-4000-8000-000000000003',
    'c3000001-0000-4000-8000-000000000003',
    299.00, 1, 6, 25
  )
ON CONFLICT (group_buy_event_id, product_id) DO NOTHING;

-- -----------------------------------------------------------------------------
-- 5. 影音與直播
-- -----------------------------------------------------------------------------
INSERT INTO videos (id, title, video_url, thumbnail_url, product_id, is_active)
VALUES (
  'e5000001-0000-4000-8000-000000000001',
  '高麗菜挑選小撇步',
  'https://www.youtube.com/embed/dQw4w9WgXcQ',
  'https://images.unsplash.com/photo-1594282486552-05b4d3f6515a?w=400',
  'c3000001-0000-4000-8000-000000000001',
  true
)
ON CONFLICT (id) DO NOTHING;

INSERT INTO livestreams (id, title, status, stream_url, scheduled_at)
VALUES (
  'e5000002-0000-4000-8000-000000000001',
  '週末生鮮特賣直播',
  'live',
  'https://www.youtube.com/embed/dQw4w9WgXcQ',
  NOW()
)
ON CONFLICT (id) DO NOTHING;

-- -----------------------------------------------------------------------------
-- 6. 預設分潤規則
-- -----------------------------------------------------------------------------
INSERT INTO commission_rules (
  id, name, rule_type, target_role, calculation_base,
  percentage_rate, max_commission_amount, monthly_cap_amount,
  settlement_wait_days, is_multilevel_enabled, level_1_rate, level_2_rate,
  priority, status
)
VALUES
  (
    'f6000001-0000-4000-8000-000000000001',
    '一般會員分享分潤',
    'percentage',
    'member',
    'after_discount',
    5.0000,
    500.00,
    5000.00,
    7,
    true,
    100.0000,
    20.0000,
    10,
    'active'
  ),
  (
    'f6000001-0000-4000-8000-000000000002',
    '團購主分潤',
    'percentage',
    'group_leader',
    'product_subtotal',
    3.0000,
    1000.00,
    10000.00,
    7,
    false,
    NULL,
    NULL,
    20,
    'active'
  ),
  (
    'f6000001-0000-4000-8000-000000000003',
    '直播主帶貨分潤',
    'percentage',
    'livestream_host',
    'order_paid_amount',
    8.0000,
    2000.00,
    20000.00,
    14,
    false,
    NULL,
    NULL,
    30,
    'active'
  )
ON CONFLICT (id) DO NOTHING;

-- -----------------------------------------------------------------------------
-- 7. 麵包小怪獸預設規則
-- -----------------------------------------------------------------------------
INSERT INTO monster_game_settings (id, share_kg, min_chars, bonus_chars, bonus_kg, photo_kg, daily_limit)
VALUES (
  'a8000001-0000-4000-8000-000000000001',
  0.5, 10, 30, 0.5, 1, 3
)
ON CONFLICT (id) DO NOTHING;

INSERT INTO reward_rules (id, threshold_kg, reward_type, reward_name, reward_value, is_active)
VALUES
  ('a7000001-0000-4000-8000-000000000001', 5,  'store_credit',  '儲值金 20 元', '20', true),
  ('a7000001-0000-4000-8000-000000000002', 10, 'coupon',        '折價券 50 元', '50', true),
  ('a7000001-0000-4000-8000-000000000003', 20, 'free_shipping', '免運券',       NULL, true),
  ('a7000001-0000-4000-8000-000000000004', 30, 'mystery_gift',  '神秘禮物',     NULL, true)
ON CONFLICT (id) DO NOTHING;

-- =============================================================================
-- 種子資料完成
-- =============================================================================
